,room,capacity,time,occupancy,occupancyCount
0,B004,160,Mon Nov 02 09:00:00,25%,40.0
1,B004,160,Mon Nov 02 10:00:00,50%,80.0
2,B004,160,Mon Nov 02 11:00:00,25%,40.0
3,B004,160,Mon Nov 02 12:00:00,25%,40.0
4,B004,160,Mon Nov 02 13:00:00,50%,80.0
5,B004,160,Mon Nov 02 14:00:00,25%,40.0
6,B004,160,Mon Nov 02 15:00:00,0%,0.0
7,B004,160,Mon Nov 02 16:00:00,75%,120.0
8,B004,160,Tue Nov 03 09:00:00,75%,120.0
9,B004,160,Tue Nov 03 10:00:00,50%,80.0
10,B004,160,Tue Nov 03 11:00:00,50%,80.0
11,B004,160,Tue Nov 03 12:00:00,50%,80.0
12,B004,160,Tue Nov 03 13:00:00,50%,80.0
13,B004,160,Tue Nov 03 14:00:00,25%,40.0
14,B004,160,Tue Nov 03 15:00:00,25%,40.0
15,B004,160,Tue Nov 03 16:00:00,0%,0.0
16,B004,160,Wed Nov 04 09:00:00,25%,40.0
17,B004,160,Wed Nov 04 10:00:00,0%,0.0
18,B004,160,Wed Nov 04 11:00:00,25%,40.0
19,B004,160,Wed Nov 04 12:00:00,50%,80.0
20,B004,160,Wed Nov 04 13:00:00,0%,0.0
21,B004,160,Wed Nov 04 14:00:00,0%,0.0
22,B004,160,Wed Nov 04 15:00:00,0%,0.0
23,B004,160,Wed Nov 04 16:00:00,0%,0.0
24,B004,160,Thu Nov 05 09:00:00,100%,160.0
25,B004,160,Thu Nov 05 10:00:00,25%,40.0
26,B004,160,Thu Nov 05 11:00:00,25%,40.0
27,B004,160,Thu Nov 05 12:00:00,25%,40.0
28,B004,160,Thu Nov 05 13:00:00,50%,80.0
29,B004,160,Thu Nov 05 14:00:00,25%,40.0
30,B004,160,Thu Nov 05 15:00:00,0%,0.0
31,B004,160,Thu Nov 05 16:00:00,0%,0.0
32,B004,160,Fri Nov 06 09:00:00,0%,0.0
33,B004,160,Fri Nov 06 10:00:00,50%,80.0
34,B004,160,Fri Nov 06 11:00:00,25%,40.0
35,B004,160,Fri Nov 06 12:00:00,25%,40.0
36,B004,160,Fri Nov 06 13:00:00,50%,80.0
37,B004,160,Fri Nov 06 14:00:00,25%,40.0
38,B004,160,Fri Nov 06 15:00:00,0%,0.0
39,B004,160,Fri Nov 06 16:00:00,0%,0.0
40,B004,160,Mon Nov 09 09:00:00,25%,40.0
41,B004,160,Mon Nov 09 10:00:00,25%,40.0
42,B004,160,Mon Nov 09 11:00:00,25%,40.0
43,B004,160,Mon Nov 09 12:00:00,25%,40.0
44,B004,160,Mon Nov 09 13:00:00,25%,40.0
45,B004,160,Mon Nov 09 14:00:00,25%,40.0
46,B004,160,Mon Nov 09 15:00:00,50%,80.0
47,B004,160,Mon Nov 09 16:00:00,25%,40.0
48,B004,160,Tue Nov 10 09:00:00,25%,40.0
49,B004,160,Tue Nov 10 10:00:00,25%,40.0
50,B004,160,Tue Nov 10 11:00:00,25%,40.0
51,B004,160,Tue Nov 10 12:00:00,25%,40.0
52,B004,160,Tue Nov 10 13:00:00,25%,40.0
53,B004,160,Tue Nov 10 14:00:00,50%,80.0
54,B004,160,Tue Nov 10 15:00:00,25%,40.0
55,B004,160,Tue Nov 10 16:00:00,0%,0.0
56,B004,160,Wed Nov 11 09:00:00,0%,0.0
57,B004,160,Wed Nov 11 10:00:00,0%,0.0
58,B004,160,Wed Nov 11 11:00:00,25%,40.0
59,B004,160,Wed Nov 11 12:00:00,25%,40.0
60,B004,160,Wed Nov 11 13:00:00,0%,0.0
61,B004,160,Wed Nov 11 14:00:00,0%,0.0
62,B004,160,Wed Nov 11 15:00:00,0%,0.0
63,B004,160,Wed Nov 11 16:00:00,0%,0.0
64,B004,160,Thu Nov 12 09:00:00,50%,80.0
65,B004,160,Thu Nov 12 10:00:00,50%,80.0
66,B004,160,Thu Nov 12 11:00:00,25%,40.0
67,B004,160,Thu Nov 12 12:00:00,25%,40.0
68,B004,160,Thu Nov 12 13:00:00,50%,80.0
69,B004,160,Thu Nov 12 14:00:00,50%,80.0
70,B004,160,Thu Nov 12 15:00:00,25%,40.0
71,B004,160,Thu Nov 12 16:00:00,0%,0.0
72,B004,160,Fri Nov 13 09:00:00,0%,0.0
73,B004,160,Fri Nov 13 10:00:00,0%,0.0
74,B004,160,Fri Nov 13 11:00:00,0%,0.0
75,B004,160,Fri Nov 13 12:00:00,0%,0.0
76,B004,160,Fri Nov 13 13:00:00,0%,0.0
77,B004,160,Fri Nov 13 14:00:00,50%,80.0
78,B004,160,Fri Nov 13 15:00:00,50%,80.0
79,B004,160,Fri Nov 13 16:00:00,0%,0.0
80,B002,90,Mon Nov 02 09:00:00,25%,22.5
81,B002,90,Mon Nov 02 10:00:00,50%,45.0
82,B002,90,Mon Nov 02 11:00:00,25%,22.5
83,B002,90,Mon Nov 02 12:00:00,25%,22.5
84,B002,90,Mon Nov 02 13:00:00,50%,45.0
85,B002,90,Mon Nov 02 14:00:00,25%,22.5
86,B002,90,Mon Nov 02 15:00:00,0%,0.0
87,B002,90,Mon Nov 02 16:00:00,75%,67.5
88,B002,90,Tue Nov 03 09:00:00,0%,0.0
89,B002,90,Tue Nov 03 10:00:00,50%,45.0
90,B002,90,Tue Nov 03 11:00:00,50%,45.0
91,B002,90,Tue Nov 03 12:00:00,50%,45.0
92,B002,90,Tue Nov 03 13:00:00,0%,0.0
93,B002,90,Tue Nov 03 14:00:00,75%,67.5
94,B002,90,Tue Nov 03 15:00:00,25%,22.5
95,B002,90,Tue Nov 03 16:00:00,25%,22.5
96,B002,90,Wed Nov 04 09:00:00,25%,22.5
97,B002,90,Wed Nov 04 10:00:00,25%,22.5
98,B002,90,Wed Nov 04 11:00:00,25%,22.5
99,B002,90,Wed Nov 04 12:00:00,50%,45.0
100,B002,90,Wed Nov 04 13:00:00,0%,0.0
101,B002,90,Wed Nov 04 14:00:00,25%,22.5
102,B002,90,Wed Nov 04 15:00:00,0%,0.0
103,B002,90,Wed Nov 04 16:00:00,25%,22.5
104,B002,90,Thu Nov 05 09:00:00,0%,0.0
105,B002,90,Thu Nov 05 10:00:00,50%,45.0
106,B002,90,Thu Nov 05 11:00:00,25%,22.5
107,B002,90,Thu Nov 05 12:00:00,25%,22.5
108,B002,90,Thu Nov 05 13:00:00,25%,22.5
109,B002,90,Thu Nov 05 14:00:00,25%,22.5
110,B002,90,Thu Nov 05 15:00:00,50%,45.0
111,B002,90,Thu Nov 05 16:00:00,0%,0.0
112,B002,90,Fri Nov 06 09:00:00,0%,0.0
113,B002,90,Fri Nov 06 10:00:00,0%,0.0
114,B002,90,Fri Nov 06 11:00:00,25%,22.5
115,B002,90,Fri Nov 06 12:00:00,25%,22.5
116,B002,90,Fri Nov 06 13:00:00,25%,22.5
117,B002,90,Fri Nov 06 14:00:00,25%,22.5
118,B002,90,Fri Nov 06 15:00:00,50%,45.0
119,B002,90,Fri Nov 06 16:00:00,50%,45.0
120,B002,90,Mon Nov 09 09:00:00,25%,22.5
121,B002,90,Mon Nov 09 10:00:00,25%,22.5
122,B002,90,Mon Nov 09 11:00:00,0%,0.0
123,B002,90,Mon Nov 09 12:00:00,25%,22.5
124,B002,90,Mon Nov 09 13:00:00,25%,22.5
125,B002,90,Mon Nov 09 14:00:00,25%,22.5
126,B002,90,Mon Nov 09 15:00:00,25%,22.5
127,B002,90,Mon Nov 09 16:00:00,25%,22.5
128,B002,90,Tue Nov 10 09:00:00,0%,0.0
129,B002,90,Tue Nov 10 10:00:00,0%,0.0
130,B002,90,Tue Nov 10 11:00:00,25%,22.5
131,B002,90,Tue Nov 10 12:00:00,25%,22.5
132,B002,90,Tue Nov 10 13:00:00,25%,22.5
133,B002,90,Tue Nov 10 14:00:00,50%,45.0
134,B002,90,Tue Nov 10 15:00:00,50%,45.0
135,B002,90,Tue Nov 10 16:00:00,25%,22.5
136,B002,90,Wed Nov 11 09:00:00,25%,22.5
137,B002,90,Wed Nov 11 10:00:00,0%,0.0
138,B002,90,Wed Nov 11 11:00:00,25%,22.5
139,B002,90,Wed Nov 11 12:00:00,25%,22.5
140,B002,90,Wed Nov 11 13:00:00,25%,22.5
141,B002,90,Wed Nov 11 14:00:00,0%,0.0
142,B002,90,Wed Nov 11 15:00:00,25%,22.5
143,B002,90,Wed Nov 11 16:00:00,25%,22.5
144,B002,90,Thu Nov 12 09:00:00,0%,0.0
145,B002,90,Thu Nov 12 10:00:00,25%,22.5
146,B002,90,Thu Nov 12 11:00:00,25%,22.5
147,B002,90,Thu Nov 12 12:00:00,25%,22.5
148,B002,90,Thu Nov 12 13:00:00,0%,0.0
149,B002,90,Thu Nov 12 14:00:00,50%,45.0
150,B002,90,Thu Nov 12 15:00:00,25%,22.5
151,B002,90,Thu Nov 12 16:00:00,25%,22.5
152,B002,90,Fri Nov 13 09:00:00,0%,0.0
153,B002,90,Fri Nov 13 10:00:00,0%,0.0
154,B002,90,Fri Nov 13 11:00:00,0%,0.0
155,B002,90,Fri Nov 13 12:00:00,0%,0.0
156,B002,90,Fri Nov 13 13:00:00,0%,0.0
157,B002,90,Fri Nov 13 14:00:00,25%,22.5
158,B002,90,Fri Nov 13 15:00:00,25%,22.5
159,B002,90,Fri Nov 13 16:00:00,25%,22.5
160,B003,90,Mon Nov 02 09:00:00,25%,22.5
161,B003,90,Mon Nov 02 10:00:00,50%,45.0
162,B003,90,Mon Nov 02 11:00:00,50%,45.0
163,B003,90,Mon Nov 02 12:00:00,50%,45.0
164,B003,90,Mon Nov 02 13:00:00,25%,22.5
165,B003,90,Mon Nov 02 14:00:00,50%,45.0
166,B003,90,Mon Nov 02 15:00:00,25%,22.5
167,B003,90,Mon Nov 02 16:00:00,25%,22.5
168,B003,90,Tue Nov 03 09:00:00,0%,0.0
169,B003,90,Tue Nov 03 10:00:00,75%,67.5
170,B003,90,Tue Nov 03 11:00:00,75%,67.5
171,B003,90,Tue Nov 03 12:00:00,25%,22.5
172,B003,90,Tue Nov 03 13:00:00,0%,0.0
173,B003,90,Tue Nov 03 14:00:00,50%,45.0
174,B003,90,Tue Nov 03 15:00:00,25%,22.5
175,B003,90,Tue Nov 03 16:00:00,0%,0.0
176,B003,90,Wed Nov 04 09:00:00,0%,0.0
177,B003,90,Wed Nov 04 10:00:00,25%,22.5
178,B003,90,Wed Nov 04 11:00:00,0%,0.0
179,B003,90,Wed Nov 04 12:00:00,75%,67.5
180,B003,90,Wed Nov 04 13:00:00,75%,67.5
181,B003,90,Wed Nov 04 14:00:00,0%,0.0
182,B003,90,Wed Nov 04 15:00:00,0%,0.0
183,B003,90,Wed Nov 04 16:00:00,0%,0.0
184,B003,90,Thu Nov 05 09:00:00,0%,0.0
185,B003,90,Thu Nov 05 10:00:00,25%,22.5
186,B003,90,Thu Nov 05 11:00:00,25%,22.5
187,B003,90,Thu Nov 05 12:00:00,50%,45.0
188,B003,90,Thu Nov 05 13:00:00,25%,22.5
189,B003,90,Thu Nov 05 14:00:00,25%,22.5
190,B003,90,Thu Nov 05 15:00:00,0%,0.0
191,B003,90,Thu Nov 05 16:00:00,0%,0.0
192,B003,90,Fri Nov 06 09:00:00,25%,22.5
193,B003,90,Fri Nov 06 10:00:00,75%,67.5
194,B003,90,Fri Nov 06 11:00:00,25%,22.5
195,B003,90,Fri Nov 06 12:00:00,25%,22.5
196,B003,90,Fri Nov 06 13:00:00,0%,0.0
197,B003,90,Fri Nov 06 14:00:00,75%,67.5
198,B003,90,Fri Nov 06 15:00:00,75%,67.5
199,B003,90,Fri Nov 06 16:00:00,50%,45.0
200,B003,90,Mon Nov 09 09:00:00,50%,45.0
201,B003,90,Mon Nov 09 10:00:00,25%,22.5
202,B003,90,Mon Nov 09 11:00:00,50%,45.0
203,B003,90,Mon Nov 09 12:00:00,50%,45.0
204,B003,90,Mon Nov 09 13:00:00,25%,22.5
205,B003,90,Mon Nov 09 14:00:00,25%,22.5
206,B003,90,Mon Nov 09 15:00:00,25%,22.5
207,B003,90,Mon Nov 09 16:00:00,25%,22.5
208,B003,90,Tue Nov 10 09:00:00,0%,0.0
209,B003,90,Tue Nov 10 10:00:00,0%,0.0
210,B003,90,Tue Nov 10 11:00:00,50%,45.0
211,B003,90,Tue Nov 10 12:00:00,50%,45.0
212,B003,90,Tue Nov 10 13:00:00,25%,22.5
213,B003,90,Tue Nov 10 14:00:00,25%,22.5
214,B003,90,Tue Nov 10 15:00:00,25%,22.5
215,B003,90,Tue Nov 10 16:00:00,0%,0.0
216,B003,90,Wed Nov 11 09:00:00,0%,0.0
217,B003,90,Wed Nov 11 10:00:00,0%,0.0
218,B003,90,Wed Nov 11 11:00:00,75%,67.5
219,B003,90,Wed Nov 11 12:00:00,75%,67.5
220,B003,90,Wed Nov 11 13:00:00,75%,67.5
221,B003,90,Wed Nov 11 14:00:00,50%,45.0
222,B003,90,Wed Nov 11 15:00:00,25%,22.5
223,B003,90,Wed Nov 11 16:00:00,50%,45.0
224,B003,90,Thu Nov 12 09:00:00,0%,0.0
225,B003,90,Thu Nov 12 10:00:00,0%,0.0
226,B003,90,Thu Nov 12 11:00:00,25%,22.5
227,B003,90,Thu Nov 12 12:00:00,25%,22.5
228,B003,90,Thu Nov 12 13:00:00,0%,0.0
229,B003,90,Thu Nov 12 14:00:00,25%,22.5
230,B003,90,Thu Nov 12 15:00:00,25%,22.5
231,B003,90,Thu Nov 12 16:00:00,0%,0.0
232,B003,90,Fri Nov 13 09:00:00,50%,45.0
233,B003,90,Fri Nov 13 10:00:00,50%,45.0
234,B003,90,Fri Nov 13 11:00:00,25%,22.5
235,B003,90,Fri Nov 13 12:00:00,25%,22.5
236,B003,90,Fri Nov 13 13:00:00,0%,0.0
237,B003,90,Fri Nov 13 14:00:00,50%,45.0
238,B003,90,Fri Nov 13 15:00:00,25%,22.5
239,B003,90,Fri Nov 13 16:00:00,25%,22.5
240,B1.06,90,Mon Nov 02 09:00:00,100%,90.0
241,B1.06,90,Mon Nov 02 10:00:00,100%,90.0
242,B1.06,90,Mon Nov 02 11:00:00,25%,22.5
243,B1.06,90,Mon Nov 02 12:00:00,25%,22.5
244,B1.06,90,Mon Nov 02 13:00:00,100%,90.0
245,B1.06,90,Mon Nov 02 14:00:00,100%,90.0
246,B1.06,90,Mon Nov 02 15:00:00,100%,90.0
247,B1.06,90,Mon Nov 02 16:00:00,50%,45.0
248,B1.06,90,Tue Nov 03 09:00:00,0%,0.0
249,B1.06,90,Tue Nov 03 10:00:00,50%,45.0
250,B1.06,90,Tue Nov 03 11:00:00,75%,67.5
251,B1.06,90,Tue Nov 03 12:00:00,0%,0.0
252,B1.06,90,Tue Nov 03 13:00:00,0%,0.0
253,B1.06,90,Tue Nov 03 14:00:00,50%,45.0
254,B1.06,90,Tue Nov 03 15:00:00,75%,67.5
255,B1.06,90,Tue Nov 03 16:00:00,50%,45.0
256,B1.06,90,Wed Nov 04 09:00:00,75%,67.5
257,B1.06,90,Wed Nov 04 10:00:00,75%,67.5
258,B1.06,90,Wed Nov 04 11:00:00,0%,0.0
259,B1.06,90,Wed Nov 04 12:00:00,50%,45.0
260,B1.06,90,Wed Nov 04 13:00:00,50%,45.0
261,B1.06,90,Wed Nov 04 14:00:00,50%,45.0
262,B1.06,90,Wed Nov 04 15:00:00,75%,67.5
263,B1.06,90,Wed Nov 04 16:00:00,0%,0.0
264,B1.06,90,Thu Nov 05 09:00:00,0%,0.0
265,B1.06,90,Thu Nov 05 10:00:00,50%,45.0
266,B1.06,90,Thu Nov 05 11:00:00,50%,45.0
267,B1.06,90,Thu Nov 05 12:00:00,50%,45.0
268,B1.06,90,Thu Nov 05 13:00:00,25%,22.5
269,B1.06,90,Thu Nov 05 14:00:00,50%,45.0
270,B1.06,90,Thu Nov 05 15:00:00,25%,22.5
271,B1.06,90,Thu Nov 05 16:00:00,25%,22.5
272,B1.06,90,Fri Nov 06 09:00:00,50%,45.0
273,B1.06,90,Fri Nov 06 10:00:00,50%,45.0
274,B1.06,90,Fri Nov 06 11:00:00,100%,90.0
275,B1.06,90,Fri Nov 06 12:00:00,25%,22.5
276,B1.06,90,Fri Nov 06 13:00:00,0%,0.0
277,B1.06,90,Fri Nov 06 14:00:00,50%,45.0
278,B1.06,90,Fri Nov 06 15:00:00,100%,90.0
279,B1.06,90,Fri Nov 06 16:00:00,75%,67.5
280,B1.06,90,Mon Nov 09 09:00:00,100%,90.0
281,B1.06,90,Mon Nov 09 10:00:00,75%,67.5
282,B1.06,90,Mon Nov 09 11:00:00,0%,0.0
283,B1.06,90,Mon Nov 09 12:00:00,0%,0.0
284,B1.06,90,Mon Nov 09 13:00:00,25%,22.5
285,B1.06,90,Mon Nov 09 14:00:00,50%,45.0
286,B1.06,90,Mon Nov 09 15:00:00,100%,90.0
287,B1.06,90,Mon Nov 09 16:00:00,75%,67.5
288,B1.06,90,Tue Nov 10 09:00:00,0%,0.0
289,B1.06,90,Tue Nov 10 10:00:00,0%,0.0
290,B1.06,90,Tue Nov 10 11:00:00,75%,67.5
291,B1.06,90,Tue Nov 10 12:00:00,75%,67.5
292,B1.06,90,Tue Nov 10 13:00:00,50%,45.0
293,B1.06,90,Tue Nov 10 14:00:00,75%,67.5
294,B1.06,90,Tue Nov 10 15:00:00,50%,45.0
295,B1.06,90,Tue Nov 10 16:00:00,50%,45.0
296,B1.06,90,Wed Nov 11 09:00:00,75%,67.5
297,B1.06,90,Wed Nov 11 10:00:00,50%,45.0
298,B1.06,90,Wed Nov 11 11:00:00,25%,22.5
299,B1.06,90,Wed Nov 11 12:00:00,25%,22.5
300,B1.06,90,Wed Nov 11 13:00:00,25%,22.5
301,B1.06,90,Wed Nov 11 14:00:00,50%,45.0
302,B1.06,90,Wed Nov 11 15:00:00,25%,22.5
303,B1.06,90,Wed Nov 11 16:00:00,0%,0.0
304,B1.06,90,Thu Nov 12 09:00:00,0%,0.0
305,B1.06,90,Thu Nov 12 10:00:00,0%,0.0
306,B1.06,90,Thu Nov 12 11:00:00,25%,22.5
307,B1.06,90,Thu Nov 12 12:00:00,25%,22.5
308,B1.06,90,Thu Nov 12 13:00:00,25%,22.5
309,B1.06,90,Thu Nov 12 14:00:00,50%,45.0
310,B1.06,90,Thu Nov 12 15:00:00,25%,22.5
311,B1.06,90,Thu Nov 12 16:00:00,25%,22.5
312,B1.06,90,Fri Nov 13 09:00:00,50%,45.0
313,B1.06,90,Fri Nov 13 10:00:00,25%,22.5
314,B1.06,90,Fri Nov 13 11:00:00,25%,22.5
315,B1.06,90,Fri Nov 13 12:00:00,50%,45.0
316,B1.06,90,Fri Nov 13 13:00:00,50%,45.0
317,B1.06,90,Fri Nov 13 14:00:00,0%,0.0
318,B1.06,90,Fri Nov 13 15:00:00,0%,0.0
319,B1.06,90,Fri Nov 13 16:00:00,0%,0.0
320,B1.08,40,Mon Nov 02 09:00:00,0%,0.0
321,B1.08,40,Mon Nov 02 10:00:00,50%,20.0
322,B1.08,40,Mon Nov 02 11:00:00,0%,0.0
323,B1.08,40,Mon Nov 02 12:00:00,50%,20.0
324,B1.08,40,Mon Nov 02 13:00:00,50%,20.0
325,B1.08,40,Mon Nov 02 14:00:00,75%,30.0
326,B1.08,40,Mon Nov 02 15:00:00,25%,10.0
327,B1.08,40,Mon Nov 02 16:00:00,75%,30.0
328,B1.08,40,Tue Nov 03 09:00:00,0%,0.0
329,B1.08,40,Tue Nov 03 10:00:00,25%,10.0
330,B1.08,40,Tue Nov 03 11:00:00,25%,10.0
331,B1.08,40,Tue Nov 03 12:00:00,0%,0.0
332,B1.08,40,Tue Nov 03 13:00:00,0%,0.0
333,B1.08,40,Tue Nov 03 14:00:00,50%,20.0
334,B1.08,40,Tue Nov 03 15:00:00,75%,30.0
335,B1.08,40,Tue Nov 03 16:00:00,50%,20.0
336,B1.08,40,Wed Nov 04 09:00:00,0%,0.0
337,B1.08,40,Wed Nov 04 10:00:00,25%,10.0
338,B1.08,40,Wed Nov 04 11:00:00,25%,10.0
339,B1.08,40,Wed Nov 04 12:00:00,25%,10.0
340,B1.08,40,Wed Nov 04 13:00:00,0%,0.0
341,B1.08,40,Wed Nov 04 14:00:00,50%,20.0
342,B1.08,40,Wed Nov 04 15:00:00,25%,10.0
343,B1.08,40,Wed Nov 04 16:00:00,0%,0.0
344,B1.08,40,Thu Nov 05 09:00:00,0%,0.0
345,B1.08,40,Thu Nov 05 10:00:00,0%,0.0
346,B1.08,40,Thu Nov 05 11:00:00,0%,0.0
347,B1.08,40,Thu Nov 05 12:00:00,0%,0.0
348,B1.08,40,Thu Nov 05 13:00:00,75%,30.0
349,B1.08,40,Thu Nov 05 14:00:00,75%,30.0
350,B1.08,40,Thu Nov 05 15:00:00,25%,10.0
351,B1.08,40,Thu Nov 05 16:00:00,25%,10.0
352,B1.08,40,Fri Nov 06 09:00:00,0%,0.0
353,B1.08,40,Fri Nov 06 10:00:00,0%,0.0
354,B1.08,40,Fri Nov 06 11:00:00,0%,0.0
355,B1.08,40,Fri Nov 06 12:00:00,0%,0.0
356,B1.08,40,Fri Nov 06 13:00:00,0%,0.0
357,B1.08,40,Fri Nov 06 14:00:00,0%,0.0
358,B1.08,40,Fri Nov 06 15:00:00,0%,0.0
359,B1.08,40,Fri Nov 06 16:00:00,0%,0.0
360,B1.08,40,Mon Nov 09 09:00:00,0%,0.0
361,B1.08,40,Mon Nov 09 10:00:00,25%,10.0
362,B1.08,40,Mon Nov 09 11:00:00,25%,10.0
363,B1.08,40,Mon Nov 09 12:00:00,25%,10.0
364,B1.08,40,Mon Nov 09 13:00:00,25%,10.0
365,B1.08,40,Mon Nov 09 14:00:00,50%,20.0
366,B1.08,40,Mon Nov 09 15:00:00,50%,20.0
367,B1.08,40,Mon Nov 09 16:00:00,25%,10.0
368,B1.08,40,Tue Nov 10 09:00:00,0%,0.0
369,B1.08,40,Tue Nov 10 10:00:00,0%,0.0
370,B1.08,40,Tue Nov 10 11:00:00,0%,0.0
371,B1.08,40,Tue Nov 10 12:00:00,0%,0.0
372,B1.08,40,Tue Nov 10 13:00:00,0%,0.0
373,B1.08,40,Tue Nov 10 14:00:00,50%,20.0
374,B1.08,40,Tue Nov 10 15:00:00,25%,10.0
375,B1.08,40,Tue Nov 10 16:00:00,25%,10.0
376,B1.08,40,Wed Nov 11 09:00:00,0%,0.0
377,B1.08,40,Wed Nov 11 10:00:00,25%,10.0
378,B1.08,40,Wed Nov 11 11:00:00,25%,10.0
379,B1.08,40,Wed Nov 11 12:00:00,25%,10.0
380,B1.08,40,Wed Nov 11 13:00:00,25%,10.0
381,B1.08,40,Wed Nov 11 14:00:00,50%,20.0
382,B1.08,40,Wed Nov 11 15:00:00,25%,10.0
383,B1.08,40,Wed Nov 11 16:00:00,0%,0.0
384,B1.08,40,Thu Nov 12 09:00:00,0%,0.0
385,B1.08,40,Thu Nov 12 10:00:00,0%,0.0
386,B1.08,40,Thu Nov 12 11:00:00,25%,10.0
387,B1.08,40,Thu Nov 12 12:00:00,0%,0.0
388,B1.08,40,Thu Nov 12 13:00:00,50%,20.0
389,B1.08,40,Thu Nov 12 14:00:00,75%,30.0
390,B1.08,40,Thu Nov 12 15:00:00,50%,20.0
391,B1.08,40,Thu Nov 12 16:00:00,0%,0.0
392,B1.08,40,Fri Nov 13 09:00:00,75%,30.0
393,B1.08,40,Fri Nov 13 10:00:00,75%,30.0
394,B1.08,40,Fri Nov 13 11:00:00,25%,10.0
395,B1.08,40,Fri Nov 13 12:00:00,25%,10.0
396,B1.08,40,Fri Nov 13 13:00:00,25%,10.0
397,B1.08,40,Fri Nov 13 14:00:00,0%,0.0
398,B1.08,40,Fri Nov 13 15:00:00,0%,0.0
399,B1.08,40,Fri Nov 13 16:00:00,25%,10.0
400,B1.09,90,Mon Nov 02 09:00:00,0%,0.0
401,B1.09,90,Mon Nov 02 10:00:00,50%,45.0
402,B1.09,90,Mon Nov 02 11:00:00,50%,45.0
403,B1.09,90,Mon Nov 02 12:00:00,50%,45.0
404,B1.09,90,Mon Nov 02 13:00:00,75%,67.5
405,B1.09,90,Mon Nov 02 14:00:00,75%,67.5
406,B1.09,90,Mon Nov 02 15:00:00,0%,0.0
407,B1.09,90,Mon Nov 02 16:00:00,25%,22.5
408,B1.09,90,Tue Nov 03 09:00:00,0%,0.0
409,B1.09,90,Tue Nov 03 10:00:00,25%,22.5
410,B1.09,90,Tue Nov 03 11:00:00,25%,22.5
411,B1.09,90,Tue Nov 03 12:00:00,50%,45.0
412,B1.09,90,Tue Nov 03 13:00:00,25%,22.5
413,B1.09,90,Tue Nov 03 14:00:00,25%,22.5
414,B1.09,90,Tue Nov 03 15:00:00,0%,0.0
415,B1.09,90,Tue Nov 03 16:00:00,0%,0.0
416,B1.09,90,Wed Nov 04 09:00:00,0%,0.0
417,B1.09,90,Wed Nov 04 10:00:00,0%,0.0
418,B1.09,90,Wed Nov 04 11:00:00,25%,22.5
419,B1.09,90,Wed Nov 04 12:00:00,0%,0.0
420,B1.09,90,Wed Nov 04 13:00:00,25%,22.5
421,B1.09,90,Wed Nov 04 14:00:00,75%,67.5
422,B1.09,90,Wed Nov 04 15:00:00,0%,0.0
423,B1.09,90,Wed Nov 04 16:00:00,0%,0.0
424,B1.09,90,Thu Nov 05 09:00:00,0%,0.0
425,B1.09,90,Thu Nov 05 10:00:00,0%,0.0
426,B1.09,90,Thu Nov 05 11:00:00,0%,0.0
427,B1.09,90,Thu Nov 05 12:00:00,25%,22.5
428,B1.09,90,Thu Nov 05 13:00:00,25%,22.5
429,B1.09,90,Thu Nov 05 14:00:00,25%,22.5
430,B1.09,90,Thu Nov 05 15:00:00,0%,0.0
431,B1.09,90,Thu Nov 05 16:00:00,0%,0.0
432,B1.09,90,Fri Nov 06 09:00:00,0%,0.0
433,B1.09,90,Fri Nov 06 10:00:00,0%,0.0
434,B1.09,90,Fri Nov 06 11:00:00,0%,0.0
435,B1.09,90,Fri Nov 06 12:00:00,0%,0.0
436,B1.09,90,Fri Nov 06 13:00:00,0%,0.0
437,B1.09,90,Fri Nov 06 14:00:00,0%,0.0
438,B1.09,90,Fri Nov 06 15:00:00,0%,0.0
439,B1.09,90,Fri Nov 06 16:00:00,0%,0.0
440,B1.09,90,Mon Nov 09 09:00:00,0%,0.0
441,B1.09,90,Mon Nov 09 10:00:00,0%,0.0
442,B1.09,90,Mon Nov 09 11:00:00,25%,22.5
443,B1.09,90,Mon Nov 09 12:00:00,25%,22.5
444,B1.09,90,Mon Nov 09 13:00:00,25%,22.5
445,B1.09,90,Mon Nov 09 14:00:00,0%,0.0
446,B1.09,90,Mon Nov 09 15:00:00,25%,22.5
447,B1.09,90,Mon Nov 09 16:00:00,25%,22.5
448,B1.09,90,Tue Nov 10 09:00:00,0%,0.0
449,B1.09,90,Tue Nov 10 10:00:00,0%,0.0
450,B1.09,90,Tue Nov 10 11:00:00,0%,0.0
451,B1.09,90,Tue Nov 10 12:00:00,0%,0.0
452,B1.09,90,Tue Nov 10 13:00:00,0%,0.0
453,B1.09,90,Tue Nov 10 14:00:00,25%,22.5
454,B1.09,90,Tue Nov 10 15:00:00,0%,0.0
455,B1.09,90,Tue Nov 10 16:00:00,0%,0.0
456,B1.09,90,Wed Nov 11 09:00:00,0%,0.0
457,B1.09,90,Wed Nov 11 10:00:00,0%,0.0
458,B1.09,90,Wed Nov 11 11:00:00,0%,0.0
459,B1.09,90,Wed Nov 11 12:00:00,0%,0.0
460,B1.09,90,Wed Nov 11 13:00:00,25%,22.5
461,B1.09,90,Wed Nov 11 14:00:00,25%,22.5
462,B1.09,90,Wed Nov 11 15:00:00,0%,0.0
463,B1.09,90,Wed Nov 11 16:00:00,0%,0.0
464,B1.09,90,Thu Nov 12 09:00:00,0%,0.0
465,B1.09,90,Thu Nov 12 10:00:00,0%,0.0
466,B1.09,90,Thu Nov 12 11:00:00,0%,0.0
467,B1.09,90,Thu Nov 12 12:00:00,0%,0.0
468,B1.09,90,Thu Nov 12 13:00:00,25%,22.5
469,B1.09,90,Thu Nov 12 14:00:00,25%,22.5
470,B1.09,90,Thu Nov 12 15:00:00,0%,0.0
471,B1.09,90,Thu Nov 12 16:00:00,0%,0.0
472,B1.09,90,Fri Nov 13 09:00:00,0%,0.0
473,B1.09,90,Fri Nov 13 10:00:00,0%,0.0
474,B1.09,90,Fri Nov 13 11:00:00,0%,0.0
475,B1.09,90,Fri Nov 13 12:00:00,0%,0.0
476,B1.09,90,Fri Nov 13 13:00:00,0%,0.0
477,B1.09,90,Fri Nov 13 14:00:00,0%,0.0
478,B1.09,90,Fri Nov 13 15:00:00,0%,0.0
479,B1.09,90,Fri Nov 13 16:00:00,25%,22.5
